0,1,468,Squid_Game_Front_Man_Mask.png,889,1184
1,12,558,Squid_Game_Front_Man_Mask.png,889,1184
2,37,671,Squid_Game_Front_Man_Mask.png,889,1184
3,63,783,Squid_Game_Front_Man_Mask.png,889,1184
4,76,865,Squid_Game_Front_Man_Mask.png,889,1184
5,111,962,Squid_Game_Front_Man_Mask.png,889,1184
6,197,1054,Squid_Game_Front_Man_Mask.png,889,1184
7,310,1147,Squid_Game_Front_Man_Mask.png,889,1184
8,455,1182,Squid_Game_Front_Man_Mask.png,889,1184
9,578,1145,Squid_Game_Front_Man_Mask.png,889,1184
10,689,1058,Squid_Game_Front_Man_Mask.png,889,1184
11,768,967,Squid_Game_Front_Man_Mask.png,889,1184
12,813,868,Squid_Game_Front_Man_Mask.png,889,1184
13,832,780,Squid_Game_Front_Man_Mask.png,889,1184
14,852,671,Squid_Game_Front_Man_Mask.png,889,1184
15,877,556,Squid_Game_Front_Man_Mask.png,889,1184
16,886,471,Squid_Game_Front_Man_Mask.png,889,1184
17,104,329,Squid_Game_Front_Man_Mask.png,889,1184
18,159,299,Squid_Game_Front_Man_Mask.png,889,1184
19,224,287,Squid_Game_Front_Man_Mask.png,889,1184
20,303,304,Squid_Game_Front_Man_Mask.png,889,1184
21,356,336,Squid_Game_Front_Man_Mask.png,889,1184
22,534,342,Squid_Game_Front_Man_Mask.png,889,1184
23,604,310,Squid_Game_Front_Man_Mask.png,889,1184
24,686,304,Squid_Game_Front_Man_Mask.png,889,1184
25,756,318,Squid_Game_Front_Man_Mask.png,889,1184
26,804,338,Squid_Game_Front_Man_Mask.png,889,1184
27,441,429,Squid_Game_Front_Man_Mask.png,889,1184
28,445,505,Squid_Game_Front_Man_Mask.png,889,1184
29,448,572,Squid_Game_Front_Man_Mask.png,889,1184
30,449,638,Squid_Game_Front_Man_Mask.png,889,1184
31,327,696,Squid_Game_Front_Man_Mask.png,889,1184
32,383,716,Squid_Game_Front_Man_Mask.png,889,1184
33,440,724,Squid_Game_Front_Man_Mask.png,889,1184
34,499,711,Squid_Game_Front_Man_Mask.png,889,1184
35,556,699,Squid_Game_Front_Man_Mask.png,889,1184
36,113,439,Squid_Game_Front_Man_Mask.png,889,1184
37,178,404,Squid_Game_Front_Man_Mask.png,889,1184
38,265,409,Squid_Game_Front_Man_Mask.png,889,1184
39,327,437,Squid_Game_Front_Man_Mask.png,889,1184
40,262,479,Squid_Game_Front_Man_Mask.png,889,1184
41,175,471,Squid_Game_Front_Man_Mask.png,889,1184
42,561,443,Squid_Game_Front_Man_Mask.png,889,1184
43,627,394,Squid_Game_Front_Man_Mask.png,889,1184
44,708,392,Squid_Game_Front_Man_Mask.png,889,1184
45,775,426,Squid_Game_Front_Man_Mask.png,889,1184
46,711,473,Squid_Game_Front_Man_Mask.png,889,1184
47,624,476,Squid_Game_Front_Man_Mask.png,889,1184
48,265,879,Squid_Game_Front_Man_Mask.png,889,1184
49,303,820,Squid_Game_Front_Man_Mask.png,889,1184
50,398,798,Squid_Game_Front_Man_Mask.png,889,1184
51,446,828,Squid_Game_Front_Man_Mask.png,889,1184
52,489,803,Squid_Game_Front_Man_Mask.png,889,1184
53,584,818,Squid_Game_Front_Man_Mask.png,889,1184
54,630,877,Squid_Game_Front_Man_Mask.png,889,1184
55,589,948,Squid_Game_Front_Man_Mask.png,889,1184
56,496,964,Squid_Game_Front_Man_Mask.png,889,1184
57,451,964,Squid_Game_Front_Man_Mask.png,889,1184
58,398,967,Squid_Game_Front_Man_Mask.png,889,1184
59,303,955,Squid_Game_Front_Man_Mask.png,889,1184
60,303,874,Squid_Game_Front_Man_Mask.png,889,1184
61,395,848,Squid_Game_Front_Man_Mask.png,889,1184
62,441,868,Squid_Game_Front_Man_Mask.png,889,1184
63,499,855,Squid_Game_Front_Man_Mask.png,889,1184
64,589,860,Squid_Game_Front_Man_Mask.png,889,1184
65,500,902,Squid_Game_Front_Man_Mask.png,889,1184
66,446,916,Squid_Game_Front_Man_Mask.png,889,1184
67,387,907,Squid_Game_Front_Man_Mask.png,889,1184
68,12,363,Squid_Game_Front_Man_Mask.png,889,1184
69,107,226,Squid_Game_Front_Man_Mask.png,889,1184
70,269,132,Squid_Game_Front_Man_Mask.png,889,1184
71,455,116,Squid_Game_Front_Man_Mask.png,889,1184
72,644,138,Squid_Game_Front_Man_Mask.png,889,1184
73,776,225,Squid_Game_Front_Man_Mask.png,889,1184
74,885,372,Squid_Game_Front_Man_Mask.png,889,1184
